metric,value
source_run_date,2026-10-03
job_status,succeeded
dataset_scope,"224 training rows, 20 validation rows, 10 validation examples evaluated"
duration_minutes,75
trained_tokens,106852
final_training_loss,
baseline_score,8.4333
fine_tuned_score,8.8
teacher_score,9.3
quality_claim,Fine-tuning improved the representative combined score by 0.37 and pass rate by 10 percentage points.
limitations,"The 20-row validation split was also the source of the 10-example evaluation sample, so this is instructional evidence rather than an independent final holdout."
