id,breed,split,base_prediction,ft_prediction
n02085620-Chihuahua-16,Chihuahua,test,Chihuahua,Chihuahua
n02085620-Chihuahua-17,Chihuahua,test,Chihuahua,Chihuahua
n02085620-Chihuahua-18,Chihuahua,test,Chihuahua,Chihuahua
n02085620-Chihuahua-19,Chihuahua,test,Chihuahua,Chihuahua
n02092339-Weimaraner-16,Weimaraner,test,Weimaraner,Weimaraner
n02092339-Weimaraner-17,Weimaraner,test,Weimaraner,Weimaraner
n02092339-Weimaraner-18,Weimaraner,test,Weimaraner,Weimaraner
n02092339-Weimaraner-19,Weimaraner,test,Weimaraner,Weimaraner
n02109525-Saint_Bernard-16,Saint Bernard,test,Saint Bernard,Saint Bernard
n02109525-Saint_Bernard-17,Saint Bernard,test,Newfoundland,Newfoundland
n02109525-Saint_Bernard-18,Saint Bernard,test,Saint Bernard,Saint Bernard
n02109525-Saint_Bernard-19,Saint Bernard,test,Saint Bernard,Saint Bernard
n02111277-Newfoundland-16,Newfoundland,test,Newfoundland,Newfoundland
n02111277-Newfoundland-17,Newfoundland,test,Newfoundland,Newfoundland
n02111277-Newfoundland-18,Newfoundland,test,Newfoundland,Newfoundland
n02111277-Newfoundland-19,Newfoundland,test,Newfoundland,Newfoundland
