id,breed,image_path,split,base_prediction,ft_prediction
n02085620-Chihuahua-16,Chihuahua,C:\Data\AIP\fine-tuning\Demos\Image_Breed_Classification_FT\data\stanford_dogs_dataset\images\Images\n02085620-Chihuahua\n02085620_12334.jpg,test,Chihuahua,Chihuahua
n02085620-Chihuahua-17,Chihuahua,C:\Data\AIP\fine-tuning\Demos\Image_Breed_Classification_FT\data\stanford_dogs_dataset\images\Images\n02085620-Chihuahua\n02085620_1235.jpg,test,Chihuahua,Chihuahua
n02085620-Chihuahua-18,Chihuahua,C:\Data\AIP\fine-tuning\Demos\Image_Breed_Classification_FT\data\stanford_dogs_dataset\images\Images\n02085620-Chihuahua\n02085620_1271.jpg,test,Chihuahua,Chihuahua
n02085620-Chihuahua-19,Chihuahua,C:\Data\AIP\fine-tuning\Demos\Image_Breed_Classification_FT\data\stanford_dogs_dataset\images\Images\n02085620-Chihuahua\n02085620_12718.jpg,test,Chihuahua,Chihuahua
n02092339-Weimaraner-16,Weimaraner,C:\Data\AIP\fine-tuning\Demos\Image_Breed_Classification_FT\data\stanford_dogs_dataset\images\Images\n02092339-Weimaraner\n02092339_1856.jpg,test,Weimaraner,Weimaraner
n02092339-Weimaraner-17,Weimaraner,C:\Data\AIP\fine-tuning\Demos\Image_Breed_Classification_FT\data\stanford_dogs_dataset\images\Images\n02092339-Weimaraner\n02092339_1930.jpg,test,Weimaraner,Weimaraner
n02092339-Weimaraner-18,Weimaraner,C:\Data\AIP\fine-tuning\Demos\Image_Breed_Classification_FT\data\stanford_dogs_dataset\images\Images\n02092339-Weimaraner\n02092339_1950.jpg,test,Weimaraner,Weimaraner
n02092339-Weimaraner-19,Weimaraner,C:\Data\AIP\fine-tuning\Demos\Image_Breed_Classification_FT\data\stanford_dogs_dataset\images\Images\n02092339-Weimaraner\n02092339_2006.jpg,test,Weimaraner,Weimaraner
n02109525-Saint_Bernard-16,Saint Bernard,C:\Data\AIP\fine-tuning\Demos\Image_Breed_Classification_FT\data\stanford_dogs_dataset\images\Images\n02109525-Saint_Bernard\n02109525_10960.jpg,test,Saint Bernard,Saint Bernard
n02109525-Saint_Bernard-17,Saint Bernard,C:\Data\AIP\fine-tuning\Demos\Image_Breed_Classification_FT\data\stanford_dogs_dataset\images\Images\n02109525-Saint_Bernard\n02109525_10992.jpg,test,Newfoundland,Newfoundland
n02109525-Saint_Bernard-18,Saint Bernard,C:\Data\AIP\fine-tuning\Demos\Image_Breed_Classification_FT\data\stanford_dogs_dataset\images\Images\n02109525-Saint_Bernard\n02109525_1100.jpg,test,Saint Bernard,Saint Bernard
n02109525-Saint_Bernard-19,Saint Bernard,C:\Data\AIP\fine-tuning\Demos\Image_Breed_Classification_FT\data\stanford_dogs_dataset\images\Images\n02109525-Saint_Bernard\n02109525_11155.jpg,test,Saint Bernard,Saint Bernard
n02111277-Newfoundland-16,Newfoundland,C:\Data\AIP\fine-tuning\Demos\Image_Breed_Classification_FT\data\stanford_dogs_dataset\images\Images\n02111277-Newfoundland\n02111277_1179.jpg,test,Newfoundland,Newfoundland
n02111277-Newfoundland-17,Newfoundland,C:\Data\AIP\fine-tuning\Demos\Image_Breed_Classification_FT\data\stanford_dogs_dataset\images\Images\n02111277-Newfoundland\n02111277_11806.jpg,test,Newfoundland,Newfoundland
n02111277-Newfoundland-18,Newfoundland,C:\Data\AIP\fine-tuning\Demos\Image_Breed_Classification_FT\data\stanford_dogs_dataset\images\Images\n02111277-Newfoundland\n02111277_1193.jpg,test,Newfoundland,Newfoundland
n02111277-Newfoundland-19,Newfoundland,C:\Data\AIP\fine-tuning\Demos\Image_Breed_Classification_FT\data\stanford_dogs_dataset\images\Images\n02111277-Newfoundland\n02111277_11934.jpg,test,Newfoundland,Newfoundland
