dataset,source_path,preserved_path,split,rows,bytes,source_sha256,preserved_sha256,byte_match
chartqa,Demos/Image_FT_Chart_Analysis/chart-qa-run-20261002-test.jsonl,data/preserved/chart-qa-run-20261002-test.jsonl,holdout,500,44436398,6bd846296d4d46c04e0b06af323e04c85fc42de9344178506683d9b5f5e811de,6bd846296d4d46c04e0b06af323e04c85fc42de9344178506683d9b5f5e811de,True
chartqa,Demos/Image_FT_Chart_Analysis/chart-qa-run-20261002-train.jsonl,data/preserved/chart-qa-run-20261002-train.jsonl,train,2000,172654784,d8cb9c7ef6033851d437299fbc8bcda52c590f6ff9972471d7bd6a926171b102,d8cb9c7ef6033851d437299fbc8bcda52c590f6ff9972471d7bd6a926171b102,True
chartqa,Demos/Image_FT_Chart_Analysis/chart-qa-run-20261002-v2-test.jsonl,data/preserved/chart-qa-run-20261002-v2-test.jsonl,holdout,100,9014293,714d3b1ff488dbc6010df0e58adbf0340c15ee62aab1e0c4b28e113fbb806427,714d3b1ff488dbc6010df0e58adbf0340c15ee62aab1e0c4b28e113fbb806427,True
chartqa,Demos/Image_FT_Chart_Analysis/chart-qa-run-20261002-v2-train.jsonl,data/preserved/chart-qa-run-20261002-v2-train.jsonl,train,500,44501213,1a5f7273cb1d49318d484c12b49f51dabb07c5837c28056e9c505f131a5e85c1,1a5f7273cb1d49318d484c12b49f51dabb07c5837c28056e9c505f131a5e85c1,True
chartqa,Demos/Image_FT_Chart_Analysis/chart-qa-run-20261002-v2-val.jsonl,data/preserved/chart-qa-run-20261002-v2-val.jsonl,validation,100,9710814,c26ddf4c5a30e8bfd078303385d2d58aa4e1cb6e7092b60576f5d87905aca0eb,c26ddf4c5a30e8bfd078303385d2d58aa4e1cb6e7092b60576f5d87905aca0eb,True
chartqa,Demos/Image_FT_Chart_Analysis/chart-qa-run-20261002-v3-test.jsonl,data/preserved/chart-qa-run-20261002-v3-test.jsonl,holdout,100,9014293,714d3b1ff488dbc6010df0e58adbf0340c15ee62aab1e0c4b28e113fbb806427,714d3b1ff488dbc6010df0e58adbf0340c15ee62aab1e0c4b28e113fbb806427,True
chartqa,Demos/Image_FT_Chart_Analysis/chart-qa-run-20261002-v3-train.jsonl,data/preserved/chart-qa-run-20261002-v3-train.jsonl,train,200,17624457,4935b2dd9859487042fc66c2c1421944c23d200d56340b3aed3e6cb7b097d6d5,4935b2dd9859487042fc66c2c1421944c23d200d56340b3aed3e6cb7b097d6d5,True
chartqa,Demos/Image_FT_Chart_Analysis/chart-qa-run-20261002-v3-val.jsonl,data/preserved/chart-qa-run-20261002-v3-val.jsonl,validation,50,4784838,9c4f196da983ba02a64eba52cfa00f1bc81e950db3164d3430a8dc702d969551,9c4f196da983ba02a64eba52cfa00f1bc81e950db3164d3430a8dc702d969551,True
chartqa,Demos/Image_FT_Chart_Analysis/chart-qa-run-20261002-v4-test.jsonl,data/preserved/chart-qa-run-20261002-v4-test.jsonl,holdout,50,4338186,a5b0c25f39aabcf829313078f036fc6ffe1655bc0acb8d6cd7f1cb9dda1b2bb6,a5b0c25f39aabcf829313078f036fc6ffe1655bc0acb8d6cd7f1cb9dda1b2bb6,True
chartqa,Demos/Image_FT_Chart_Analysis/chart-qa-run-20261002-v4-train.jsonl,data/preserved/chart-qa-run-20261002-v4-train.jsonl,train,50,4380971,2024e5d28f1d7b4c8027b6842196c3f5bcaf105f250bf8bc86a3520b9aa8c5f8,2024e5d28f1d7b4c8027b6842196c3f5bcaf105f250bf8bc86a3520b9aa8c5f8,True
chartqa,Demos/Image_FT_Chart_Analysis/chart-qa-run-20261002-v4-val.jsonl,data/preserved/chart-qa-run-20261002-v4-val.jsonl,validation,20,1852980,6b569a58c36f4955a33a4cbb79a90a40e63a2f399ed13bf9877dc62eda74e58b,6b569a58c36f4955a33a4cbb79a90a40e63a2f399ed13bf9877dc62eda74e58b,True
chartqa,Demos/Image_FT_Chart_Analysis/chart-qa-run-20261002-val.jsonl,data/preserved/chart-qa-run-20261002-val.jsonl,validation,500,45152092,2bf6ea59132c0d2e35d840b3d1397c98f2556e300639b274ee304be5a37fa87e,2bf6ea59132c0d2e35d840b3d1397c98f2556e300639b274ee304be5a37fa87e,True
